2021-01-10,J4C6-6lCkNw
2021-01-03,-t_RJhqRu_E
2020-12-27,ZCwTrAVNius
2020-12-24,Itt84au-41c
2020-12-20,5hVLzZknlqI
2020-12-13,tAidQJuW_jY
2020-12-06,RChVCcmVAUo
2020-11-29,Prdqlf-7hgI
2020-11-22,xkdzMCV5mOE
2020-11-15,2m77P6sd_PA
2020-11-08,qnJdWUxlUdI
2020-11-01,NVR3niaeTlo
2020-10-25,PeiMl8vlUzI
2020-10-18,nX2hBifgeKw
2020-10-11,vipAQf-XHwU
2020-10-04,6kKa3mcGkZo
2020-09-27,-hDKq7ib1D4
2020-09-20,eaiVazvzzfY
2020-09-13,HZ1DLof9QIQ
2020-09-06,xngtMwXdR7k
2020-08-30,SZkr9Kt09Pc
2020-08-23,1YWWY_DpPMg
2020-08-16,O36YA_BiuRk
2020-08-09,GOyzc_pCxS8
2020-08-02,dWqtmZml_HM
2020-07-26,5v4RYaKp6dY
2020-07-19,3lOwV-SiAEg
2020-07-12,0mM1qU3-dWw
2020-07-05,asM_pLuXNj0
2020-06-28,pRSzLSSWVxE
2020-06-21,PbQCBE5ro90
2020-06-14,9HtpMSdl3cc
2020-06-07,DkJD4zylSo4
2020-05-31,ulgRYmNcDRo
2020-05-24,9MZhz7SEHzE
2020-05-17,d2WDYMQdS5c
2020-05-10,U_tobebgS_8
2020-04-12,wOoRHYUYXnQ
